Rk,Coach,Yrs,From,To,G,W,L,T,W-L%,G > .500,Yr plyf,G plyf,W plyf,L plyf,W-L%.1,AvRk,BstRk,Chmp,SBwl,Conf
1,Don Shula+,33,1963,1995,490,328,156,6,0.677,172,19.0,36.0,19.0,17.0,0.528,1.8,1,2.0,2.0,6.0
2,George Halas+,40,1920,1967,497,318,148,31,0.682,170,8.0,9.0,6.0,3.0,0.667,2.7,1,6.0,0.0,0.0
3,Bill Belichick,29,1991,2023,467,302,165,0,0.647,137,19.0,44.0,31.0,13.0,0.705,1.8,1,6.0,6.0,9.0
4,Andy Reid,25,1999,2023,403,258,144,1,0.641,114,19.0,42.0,26.0,16.0,0.619,1.8,1,3.0,3.0,5.0
5,Tom Landry+,29,1960,1988,418,250,162,6,0.607,88,18.0,36.0,20.0,16.0,0.556,2.4,1,2.0,2.0,5.0
6,Curly Lambeau+,33,1921,1953,380,226,132,22,0.631,94,5.0,5.0,3.0,2.0,0.6,3.2,1,6.0,0.0,0.0
7,Paul Brown+,25,1946,1975,326,213,104,9,0.672,109,15.0,17.0,9.0,8.0,0.529,2.0,1,7.0,0.0,0.0
8,Marty Schottenheimer,21,1984,2006,327,200,126,1,0.613,74,13.0,18.0,5.0,13.0,0.278,2.0,1,0.0,0.0,0.0
9,Chuck Noll+,23,1969,1991,342,193,148,1,0.566,45,12.0,24.0,16.0,8.0,0.667,2.1,1,4.0,4.0,4.0
10,Dan Reeves,23,1981,2003,357,190,165,2,0.535,25,9.0,20.0,11.0,9.0,0.55,2.7,1,0.0,0.0,4.0
11,Chuck Knox,22,1973,1994,334,186,147,1,0.558,39,11.0,18.0,7.0,11.0,0.389,2.6,1,0.0,0.0,0.0
12,Jeff Fisher,22,1994,2016,339,173,165,1,0.512,8,6.0,11.0,5.0,6.0,0.455,2.8,1,0.0,0.0,1.0
13,Mike Tomlin,17,2007,2023,275,173,100,2,0.633,73,11.0,18.0,8.0,10.0,0.444,1.8,1,1.0,1.0,2.0
14,Bill Parcells+,19,1983,2006,303,172,130,1,0.569,42,10.0,19.0,11.0,8.0,0.579,2.5,1,2.0,2.0,3.0
15,Pete Carroll,18,1994,2023,291,170,120,1,0.586,50,12.0,22.0,11.0,11.0,0.5,2.3,1,1.0,1.0,2.0
16,Tom Coughlin,20,1995,2015,320,170,150,0,0.531,20,9.0,19.0,12.0,7.0,0.632,2.5,1,2.0,2.0,2.0
17,Mike Shanahan,20,1988,2013,308,170,138,0,0.552,32,8.0,14.0,8.0,6.0,0.571,2.6,1,2.0,2.0,2.0
18,Mike McCarthy,17,2006,2023,271,167,102,2,0.62,65,12.0,22.0,11.0,11.0,0.5,1.8,1,1.0,1.0,1.0
19,Mike Holmgren,17,1992,2008,272,161,111,0,0.592,50,12.0,24.0,13.0,11.0,0.542,1.8,1,1.0,1.0,3.0
20,John Harbaugh,16,2008,2023,259,160,99,0,0.618,61,11.0,22.0,12.0,10.0,0.545,2.0,1,1.0,1.0,1.0
21,Sean Payton,16,2006,2023,258,160,98,0,0.62,62,9.0,17.0,9.0,8.0,0.529,1.9,1,1.0,1.0,1.0
22,Bud Grant+,18,1967,1985,259,158,96,5,0.621,62,12.0,22.0,10.0,12.0,0.455,1.9,1,0.0,0.0,4.0
23,Joe Gibbs+,16,1981,2007,248,154,94,0,0.621,60,10.0,24.0,17.0,7.0,0.708,2.4,1,3.0,3.0,4.0
24,Steve Owen+,24,1930,1953,270,153,100,17,0.605,53,10.0,10.0,2.0,8.0,0.2,2.3,1,2.0,0.0,0.0
25,Bill Cowher+,15,1992,2006,240,149,90,1,0.623,59,10.0,21.0,12.0,9.0,0.571,1.9,1,1.0,1.0,2.0
26,Marv Levy+,17,1978,1997,255,143,112,0,0.561,31,8.0,19.0,11.0,8.0,0.579,2.7,1,0.0,0.0,4.0
27,Tony Dungy+,13,1996,2008,208,139,69,0,0.668,70,11.0,19.0,9.0,10.0,0.474,1.8,1,1.0,1.0,1.0
28,John Fox,16,2002,2017,256,133,123,0,0.52,10,7.0,15.0,8.0,7.0,0.533,2.4,1,0.0,0.0,2.0
29,Marvin Lewis,16,2003,2018,256,131,122,3,0.518,9,7.0,7.0,0.0,7.0,0.0,2.4,1,0.0,0.0,0.0
30,Hank Stram+,17,1960,1977,238,131,97,10,0.574,34,5.0,8.0,5.0,3.0,0.625,2.2,1,2.0,1.0,2.0
31,Weeb Ewbank+,20,1954,1973,266,130,129,7,0.502,1,4.0,5.0,4.0,1.0,0.8,3.0,1,3.0,1.0,1.0
32,Jim Mora,15,1986,2001,231,125,106,0,0.541,19,6.0,6.0,0.0,6.0,0.0,2.9,1,0.0,0.0,0.0
33,Sid Gillman+,18,1955,1974,228,122,99,7,0.552,23,6.0,6.0,1.0,5.0,0.167,2.6,1,1.0,0.0,0.0
34,Mike Ditka+,14,1982,1999,216,121,95,0,0.56,26,7.0,12.0,6.0,6.0,0.5,2.6,1,1.0,1.0,1.0
35,Dick Vermeil+,15,1976,2005,229,120,109,0,0.524,11,6.0,11.0,6.0,5.0,0.545,3.0,1,1.0,1.0,2.0
36,Jon Gruden,15,1998,2021,229,117,112,0,0.511,5,6.0,10.0,5.0,5.0,0.5,2.4,1,1.0,1.0,1.0
37,George Allen+,12,1966,1977,168,116,47,5,0.712,69,7.0,9.0,2.0,7.0,0.222,1.9,1,0.0,0.0,1.0
38,George Seifert,11,1989,2001,176,114,62,0,0.648,52,7.0,15.0,10.0,5.0,0.667,1.9,1,2.0,2.0,2.0
39,Norv Turner,15,1994,2012,237,114,122,1,0.483,-8,4.0,8.0,4.0,4.0,0.5,2.5,1,0.0,0.0,0.0
40,Dennis Green,13,1992,2006,207,113,94,0,0.546,19,8.0,12.0,4.0,8.0,0.333,2.5,1,0.0,0.0,0.0
41,Don Coryell+,14,1973,1986,195,111,83,1,0.572,28,6.0,9.0,3.0,6.0,0.333,2.8,1,0.0,0.0,0.0
42,Buddy Parker,15,1949,1964,188,104,75,9,0.581,29,3.0,4.0,3.0,1.0,0.75,3.2,1,2.0,0.0,0.0
43,John Madden+,10,1969,1978,142,103,32,7,0.759,71,8.0,16.0,9.0,7.0,0.563,1.3,1,1.0,1.0,1.0
44,Ron Rivera,13,2011,2023,207,102,103,2,0.498,-1,5.0,8.0,3.0,5.0,0.375,2.5,1,0.0,0.0,1.0
45,Tom Flores+,12,1979,1994,184,97,87,0,0.527,10,5.0,11.0,8.0,3.0,0.727,3.3,1,2.0,2.0,2.0
46,Vince Lombardi+,10,1959,1969,136,96,34,6,0.738,62,6.0,10.0,9.0,1.0,0.9,1.5,1,5.0,2.0,2.0
47,Lou Saban,16,1960,1976,201,95,99,7,0.49,-4,4.0,4.0,2.0,2.0,0.5,3.0,1,2.0,0.0,0.0
48,Jack Del Rio,12,2003,2017,187,93,94,0,0.497,-1,3.0,4.0,1.0,3.0,0.25,2.8,2,0.0,0.0,0.0
49,Lovie Smith,12,2004,2022,193,92,100,1,0.479,-8,3.0,6.0,3.0,3.0,0.5,2.8,1,0.0,0.0,1.0
50,Bill Walsh+,10,1979,1988,152,92,59,1,0.609,33,7.0,14.0,10.0,4.0,0.714,1.8,1,3.0,3.0,3.0
51,Buck Shaw,12,1946,1960,150,90,55,5,0.621,35,2.0,3.0,2.0,1.0,0.667,2.6,1,1.0,0.0,0.0
52,Jimmy Conzelman+,15,1921,1948,167,87,63,17,0.58,24,2.0,2.0,1.0,1.0,0.5,4.7,1,2.0,0.0,0.0
53,Ted Marchibroda,12,1975,1998,186,87,98,1,0.47,-11,4.0,6.0,2.0,4.0,0.333,3.3,1,0.0,0.0,0.0
54,Jack Pardee,11,1975,1994,164,87,77,0,0.53,10,5.0,6.0,1.0,5.0,0.167,2.4,1,0.0,0.0,0.0
55,Jason Garrett,10,2010,2019,152,85,67,0,0.559,18,3.0,5.0,2.0,3.0,0.4,2.2,1,0.0,0.0,0.0
56,Sam Wyche,12,1984,1995,191,84,107,0,0.44,-23,2.0,5.0,3.0,2.0,0.6,3.2,1,0.0,0.0,1.0
57,Gary Kubiak,10,2006,2016,157,82,75,0,0.522,7,3.0,7.0,5.0,2.0,0.714,2.6,1,1.0,1.0,1.0
58,Bum Phillips,11,1975,1985,159,82,77,0,0.516,5,3.0,7.0,4.0,3.0,0.571,2.8,2,0.0,0.0,0.0
59,Wade Phillips,12,1985,2013,146,82,64,0,0.562,18,5.0,6.0,1.0,5.0,0.167,2.9,1,0.0,0.0,0.0
60,Dave Wannstedt,11,1993,2004,169,82,87,0,0.485,-5,3.0,5.0,2.0,3.0,0.4,3.3,1,0.0,0.0,0.0
61,Bruce Arians,8,2013,2021,129,80,48,1,0.624,32,4.0,9.0,6.0,3.0,0.667,2.1,1,1.0,1.0,1.0
62,Brian Billick,9,1999,2007,144,80,64,0,0.556,16,4.0,8.0,5.0,3.0,0.625,2.3,1,1.0,1.0,1.0
63,Ray Flaherty+,11,1936,1949,122,80,37,5,0.684,43,6.0,6.0,2.0,4.0,0.333,1.9,1,2.0,0.0,0.0
64,Jimmy Johnson+,9,1989,1999,144,80,64,0,0.556,16,6.0,13.0,9.0,4.0,0.692,2.7,1,2.0,2.0,2.0
65,Blanton Collier,8,1963,1970,112,76,34,2,0.691,42,5.0,7.0,3.0,4.0,0.429,1.4,1,1.0,0.0,0.0
66,Forrest Gregg+,11,1975,1987,161,75,85,1,0.469,-10,2.0,4.0,2.0,2.0,0.5,2.8,1,0.0,0.0,1.0
67,John Robinson,9,1983,1991,143,75,68,0,0.524,7,6.0,10.0,4.0,6.0,0.4,2.3,1,,,
68,Bobby Ross,9,1992,2000,137,74,63,0,0.54,11,5.0,8.0,3.0,5.0,0.375,2.8,1,0.0,0.0,1.0
69,Sean McDermott,7,2017,2023,114,73,41,0,0.64,32,6.0,11.0,5.0,6.0,0.455,1.6,1,0.0,0.0,0.0
70,Steve Mariucci,9,1997,2005,139,72,67,0,0.518,5,4.0,7.0,3.0,4.0,0.429,2.7,1,0.0,0.0,0.0
71,Mike Zimmer,8,2014,2021,129,72,56,1,0.562,16,3.0,5.0,2.0,3.0,0.4,2.1,1,0.0,0.0,0.0
72,Sean McVay,7,2017,2023,115,70,45,0,0.609,25,5.0,11.0,7.0,4.0,0.636,1.9,1,1.0,1.0,2.0
73,Dick Nolan,11,1968,1980,156,69,82,5,0.457,-13,3.0,5.0,2.0,3.0,0.4,2.4,1,0.0,0.0,0.0
74,George Wilson,12,1957,1969,160,68,84,8,0.447,-16,1.0,2.0,2.0,0.0,1.0,3.3,1,1.0,0.0,0.0
75,Wayne Fontes,9,1988,1996,133,66,67,0,0.496,-1,4.0,5.0,1.0,4.0,0.2,3.0,1,0.0,0.0,0.0
76,Mike Smith,7,2008,2014,112,66,46,0,0.589,20,4.0,5.0,1.0,4.0,0.2,2.0,1,0.0,0.0,0.0
77,Norm Van Brocklin+,13,1961,1974,173,66,100,7,0.398,-34,0.0,0.0,0.0,0.0,,3.9,2,0.0,0.0,0.0
78,Potsy Clark,10,1931,1940,118,64,42,12,0.604,22,1.0,1.0,1.0,0.0,1.0,2.6,1,1.0,0.0,0.0
79,Wally Lemm,10,1961,1970,135,64,64,7,0.5,0,3.0,3.0,1.0,2.0,0.333,3.0,1,1.0,0.0,0.0
80,Kyle Shanahan,7,2017,2023,115,64,51,0,0.557,13,4.0,12.0,8.0,4.0,0.667,2.4,1,0.0,0.0,2.0
81,Greasy Neale+,10,1941,1950,111,63,43,5,0.594,20,3.0,4.0,3.0,1.0,0.75,2.4,1,2.0,0.0,0.0
82,Jim Caldwell,7,2009,2017,112,62,50,0,0.554,12,4.0,6.0,2.0,4.0,0.333,2.1,1,0.0,0.0,1.0
83,Rex Ryan,8,2009,2016,127,61,66,0,0.48,-5,2.0,6.0,4.0,2.0,0.667,2.6,2,0.0,0.0,0.0
84,Jerry Glanville,9,1985,1993,129,60,69,0,0.465,-9,4.0,7.0,3.0,4.0,0.429,3.0,2,0.0,0.0,0.0
85,Dick Jauron,10,1999,2009,142,60,82,0,0.423,-22,1.0,1.0,0.0,1.0,0.0,3.3,1,0.0,0.0,0.0
86,Doug Pederson,7,2016,2023,114,60,53,1,0.531,7,4.0,8.0,5.0,3.0,0.625,2.1,1,1.0,1.0,1.0
87,Guy Chamberlin+,6,1922,1927,81,58,16,7,0.784,42,0.0,0.0,0.0,0.0,,3.2,1,4.0,0.0,0.0
88,Jim Fassel,7,1997,2003,112,58,53,1,0.522,5,3.0,5.0,2.0,3.0,0.4,2.4,1,0.0,0.0,1.0
89,Joe Kuharich,11,1952,1968,142,58,81,3,0.417,-23,0.0,0.0,0.0,0.0,,3.5,2,0.0,0.0,0.0
90,Allie Sherman,8,1961,1968,112,57,51,4,0.528,6,3.0,3.0,0.0,3.0,0.0,3.0,1,,,
91,Mike Sherman,6,2000,2005,96,57,39,0,0.594,18,4.0,6.0,2.0,4.0,0.333,2.0,1,,,
92,Matt LaFleur,5,2019,2023,83,56,27,0,0.675,29,4.0,7.0,3.0,4.0,0.429,1.6,1,0.0,0.0,0.0
93,Art Shell+,7,1989,2006,108,56,52,0,0.519,4,3.0,5.0,2.0,3.0,0.4,2.9,1,,,
94,Buddy Ryan,7,1986,1995,111,55,55,1,0.5,0,3.0,3.0,0.0,3.0,0.0,3.0,1,0.0,0.0,0.0
95,Herm Edwards,8,2001,2008,128,54,74,0,0.422,-20,4.0,6.0,2.0,4.0,0.333,2.9,1,0.0,0.0,0.0
96,Ron Meyer,9,1982,1991,104,54,50,0,0.519,4,2.0,2.0,0.0,2.0,0.0,2.8,1,0.0,0.0,0.0
97,Mike Vrabel,6,2018,2023,99,54,45,0,0.545,9,3.0,5.0,2.0,3.0,0.4,2.2,1,0.0,0.0,0.0
98,Jim Lee Howell,7,1954,1960,84,53,27,4,0.663,26,3.0,4.0,2.0,2.0,0.5,2.0,1,1.0,,
99,Mike Martz,6,2000,2005,85,53,32,0,0.624,21,4.0,7.0,3.0,4.0,0.429,1.7,1,,,1.0
100,Chuck Pagano,6,2012,2017,96,53,43,0,0.552,10,3.0,6.0,3.0,3.0,0.5,2.0,1,0.0,0.0,0.0
101,Joe Walton,7,1983,1989,111,53,57,1,0.482,-4,2.0,3.0,1.0,2.0,0.333,3.7,2,0.0,0.0,0.0
102,Jerry Burns,6,1986,1991,95,52,43,0,0.547,9,3.0,6.0,3.0,3.0,0.5,2.5,1,,,
103,Mike Holovak,9,1961,1976,108,52,47,9,0.525,5,1.0,2.0,1.0,1.0,0.5,2.8,1,0.0,0.0,0.0
104,Bill O'Brien,7,2014,2020,100,52,48,0,0.52,4,4.0,6.0,2.0,4.0,0.333,1.7,1,0.0,0.0,0.0
105,Bart Starr+,9,1975,1983,131,52,76,3,0.408,-24,1.0,2.0,1.0,1.0,0.5,3.2,1,0.0,0.0,0.0
106,Roy Andrews,8,1924,1931,82,51,27,4,0.654,24,0.0,0.0,0.0,0.0,,5.9,2,0.0,0.0,0.0
107,Monte Clark,8,1976,1984,119,51,67,1,0.433,-16,2.0,2.0,0.0,2.0,0.0,2.9,1,0.0,0.0,0.0
108,Leeman Bennett,8,1977,1986,119,50,69,0,0.42,-19,3.0,4.0,1.0,3.0,0.25,2.6,1,0.0,0.0,0.0
109,Raymond Berry+,6,1984,1989,87,48,39,0,0.552,9,2.0,5.0,3.0,2.0,0.6,2.5,1,0.0,0.0,1.0
110,Dom Capers,8,1995,2005,128,48,80,0,0.375,-32,1.0,2.0,1.0,1.0,0.5,3.3,1,0.0,0.0,0.0
111,Ken Whisenhunt,8,2007,2015,119,48,71,0,0.403,-23,2.0,6.0,4.0,2.0,0.667,2.8,1,0.0,0.0,1.0
112,Bruce Coslet,9,1990,2000,124,47,77,0,0.379,-30,1.0,1.0,0.0,1.0,0.0,3.9,2,0.0,0.0,0.0
113,Jim Haslett,7,2000,2008,108,47,61,0,0.435,-14,1.0,2.0,1.0,1.0,0.5,2.7,1,0.0,0.0,0.0
114,Sam Rutigliano,7,1978,1984,97,47,50,0,0.485,-3,2.0,2.0,0.0,2.0,0.0,2.7,1,,,
115,Chuck Fairbanks,6,1973,1978,85,46,39,0,0.541,7,2.0,2.0,0.0,2.0,0.0,2.8,1,0.0,0.0,0.0
116,Nick Skorich,7,1961,1974,98,45,48,5,0.484,-3,2.0,2.0,0.0,2.0,0.0,3.7,1,0.0,0.0,0.0
117,Jim Harbaugh,4,2011,2014,64,44,19,1,0.695,25,3.0,8.0,5.0,3.0,0.625,1.8,1,,,1.0
118,Ray Malavasi,6,1966,1982,85,44,41,0,0.518,3,3.0,6.0,3.0,3.0,0.5,2.5,1,0.0,0.0,1.0
119,John McKay,9,1976,1984,133,44,88,1,0.335,-44,3.0,4.0,1.0,3.0,0.25,3.6,1,0.0,0.0,0.0
120,Charley Winner,7,1966,1975,93,44,44,5,0.5,0,0.0,0.0,0.0,0.0,,3.3,2,0.0,0.0,0.0
121,Todd Bowles,7,2011,2023,101,43,58,0,0.426,-15,2.0,3.0,1.0,2.0,0.333,2.7,1,0.0,0.0,0.0
122,Dan Quinn,6,2015,2020,85,43,42,0,0.506,1,2.0,5.0,3.0,2.0,0.6,2.3,1,0.0,0.0,1.0
123,Joe Schmidt+,6,1967,1972,84,43,34,7,0.558,9,1.0,1.0,0.0,1.0,0.0,2.5,2,0.0,0.0,0.0
124,Ray Perkins,8,1979,1990,117,42,75,0,0.359,-33,1.0,2.0,1.0,1.0,0.5,3.8,2,0.0,0.0,0.0
125,Frank Reich,6,2018,2023,85,41,43,1,0.488,-2,2.0,3.0,1.0,2.0,0.333,2.7,2,0.0,0.0,0.0
126,Dennis Erickson,6,1995,2004,96,40,56,0,0.417,-16,0.0,0.0,0.0,0.0,,3.5,3,0.0,0.0,0.0
127,Rich Kotite,6,1991,1996,96,40,56,0,0.417,-16,1.0,2.0,1.0,1.0,0.5,3.7,2,0.0,0.0,0.0
128,Red Miller,4,1977,1980,62,40,22,0,0.645,18,3.0,5.0,2.0,3.0,0.4,2.0,1,0.0,0.0,1.0
129,John Rauch,5,1966,1970,70,40,28,2,0.588,12,2.0,4.0,2.0,2.0,0.5,2.2,1,0.0,0.0,1.0
130,Barry Switzer,4,1994,1997,64,40,24,0,0.625,16,3.0,7.0,5.0,2.0,0.714,1.8,1,1.0,1.0,1.0
131,Brad Childress,5,2006,2010,74,39,35,0,0.527,4,2.0,3.0,1.0,2.0,0.333,2.2,1,,,
132,Jim Hanifan,7,1980,1989,93,39,53,1,0.425,-14,1.0,1.0,0.0,1.0,0.0,3.9,3,0.0,0.0,0.0
133,Walt Michaels,6,1977,1982,87,39,47,1,0.454,-8,2.0,4.0,2.0,2.0,0.5,3.3,2,0.0,0.0,0.0
134,Dan Henning,7,1983,1991,112,38,73,1,0.344,-35,0.0,0.0,0.0,0.0,,4.1,3,0.0,0.0,0.0
135,Doug Marrone,7,2013,2020,98,38,60,0,0.388,-22,1.0,3.0,2.0,1.0,0.667,3.3,1,0.0,0.0,0.0
136,Ray Rhodes,5,1995,1999,80,37,42,1,0.469,-5,2.0,3.0,1.0,2.0,0.333,3.2,2,0.0,0.0,0.0
137,Kevin Stefanski,4,2020,2023,67,37,30,0,0.552,7,2.0,3.0,1.0,2.0,0.333,3.0,2,0.0,0.0,0.0
138,Zac Taylor,5,2019,2023,82,37,44,1,0.457,-7,2.0,7.0,5.0,2.0,0.714,2.8,1,0.0,0.0,1.0
139,Lindy Infante,6,1988,1997,96,36,60,0,0.375,-24,1.0,1.0,0.0,1.0,0.0,3.8,2,0.0,0.0,0.0
140,Mike Mularkey,6,2004,2017,89,36,53,0,0.404,-17,1.0,2.0,1.0,1.0,0.5,3.0,2,0.0,0.0,0.0
141,Jay Gruden,6,2014,2019,85,35,49,1,0.418,-14,1.0,1.0,0.0,1.0,0.0,3.0,1,0.0,0.0,0.0
142,Jack Patera,7,1976,1982,94,35,59,0,0.372,-24,0.0,0.0,0.0,0.0,,4.0,3,0.0,0.0,0.0
143,Tommy Prothro,7,1971,1978,88,35,51,2,0.408,-16,0.0,0.0,0.0,0.0,,3.3,2,0.0,0.0,0.0
144,Marion Campbell,9,1974,1989,115,34,80,1,0.3,-46,0.0,0.0,0.0,0.0,,3.9,3,0.0,0.0,0.0
145,Chan Gailey,5,1998,2012,80,34,46,0,0.425,-12,2.0,2.0,0.0,2.0,0.0,3.0,1,0.0,0.0,0.0
146,Tommy Hughitt,5,1920,1924,56,34,15,7,0.694,19,0.0,0.0,0.0,0.0,,6.2,2,0.0,0.0,0.0
147,Matt Nagy,4,2018,2021,65,34,31,0,0.523,3,2.0,2.0,0.0,2.0,0.0,2.3,1,0.0,0.0,0.0
148,John Ralston,5,1972,1976,70,34,33,3,0.507,1,0.0,0.0,0.0,0.0,,2.4,2,0.0,0.0,0.0
149,Nick Sirianni,3,2021,2023,51,34,17,0,0.667,17,3.0,5.0,2.0,3.0,0.4,1.7,1,,,1.0
150,Anthony Lynn,5,2016,2020,65,33,32,0,0.508,1,1.0,2.0,1.0,1.0,0.5,2.8,2,0.0,0.0,0.0
151,Eric Mangini,5,2006,2010,80,33,47,0,0.413,-14,1.0,1.0,0.0,1.0,0.0,3.0,2,0.0,0.0,0.0
152,Dick Rauch,5,1925,1929,60,33,24,3,0.579,9,0.0,0.0,0.0,0.0,,4.8,2,0.0,0.0,0.0
153,Romeo Crennel,7,2005,2020,95,32,63,0,0.337,-31,0.0,0.0,0.0,0.0,,3.6,2,0.0,0.0,0.0
154,Adam Gase,5,2016,2020,80,32,48,0,0.4,-16,1.0,1.0,0.0,1.0,0.0,2.8,2,0.0,0.0,0.0
155,Pop Ivy,6,1958,1963,76,32,42,2,0.432,-10,1.0,1.0,0.0,1.0,0.0,3.8,1,0.0,0.0,0.0
156,Tony Sparano,5,2008,2014,73,32,41,0,0.438,-9,1.0,1.0,0.0,1.0,0.0,2.8,1,0.0,0.0,0.0
157,Mike Tice,5,2001,2005,65,32,33,0,0.492,-1,1.0,2.0,1.0,1.0,0.5,2.4,2,,,
158,Paddy Driscoll+,5,1920,1957,53,31,17,5,0.646,14,1.0,1.0,0.0,1.0,0.0,4.2,1,0.0,0.0,0.0
159,Jim Mora,4,2004,2009,64,31,33,0,0.484,-2,1.0,2.0,1.0,1.0,0.5,2.5,1,0.0,0.0,0.0
160,Neill Armstrong,4,1978,1981,64,30,34,0,0.469,-4,1.0,1.0,0.0,1.0,0.0,3.5,2,0.0,0.0,0.0
161,Dutch Clark+,6,1937,1942,66,30,34,2,0.469,-4,0.0,0.0,0.0,0.0,,3.3,2,0.0,0.0,0.0
162,Walt Kiesling+,9,1939,1956,90,30,55,5,0.353,-25,0.0,0.0,0.0,0.0,,4.1,2,0.0,0.0,0.0
163,John Mackovic,4,1983,1986,64,30,34,0,0.469,-4,1.0,1.0,0.0,1.0,0.0,4.0,2,0.0,0.0,0.0
164,Dan Campbell,4,2015,2023,63,29,33,1,0.468,-4,1.0,3.0,2.0,1.0,0.667,2.8,1,,,
165,Mike McCormack+,6,1973,1982,81,29,51,1,0.364,-22,0.0,0.0,0.0,0.0,,3.8,3,0.0,0.0,0.0
166,Jim Schwartz,5,2009,2013,80,29,51,0,0.363,-22,1.0,1.0,0.0,1.0,0.0,3.2,2,0.0,0.0,0.0
167,Alex Webster,5,1969,1973,70,29,40,1,0.421,-11,0.0,0.0,0.0,0.0,,3.4,2,,,
168,Chip Kelly,4,2013,2016,63,28,35,0,0.444,-7,1.0,1.0,0.0,1.0,0.0,2.3,1,0.0,0.0,0.0
169,Kliff Kingsbury,4,2019,2022,66,28,37,1,0.432,-9,1.0,1.0,0.0,1.0,0.0,3.3,2,0.0,0.0,0.0
170,Don McCafferty,4,1970,1973,47,28,17,2,0.62,11,2.0,5.0,4.0,1.0,0.8,2.0,1,1.0,1.0,1.0
171,Jock Sutherland,4,1940,1947,45,28,16,1,0.636,12,1.0,1.0,0.0,1.0,0.0,2.0,1,0.0,0.0,0.0
172,Vince Tobin,5,1996,2000,71,28,43,0,0.394,-15,1.0,2.0,1.0,1.0,0.5,4.0,2,0.0,0.0,0.0
173,Red Hickey,5,1959,1963,55,27,27,1,0.5,0,0.0,0.0,0.0,0.0,,4.4,2,0.0,0.0,0.0
174,Mike McCoy,4,2013,2016,64,27,37,0,0.422,-10,1.0,2.0,1.0,1.0,0.5,3.3,2,0.0,0.0,0.0
175,Jack Christiansen+,5,1963,1967,67,26,38,3,0.406,-12,0.0,0.0,0.0,0.0,,5.0,3,0.0,0.0,0.0
176,Dudley DeGroot,4,1944,1947,45,26,16,3,0.619,10,1.0,1.0,0.0,1.0,0.0,2.5,1,0.0,0.0,0.0
177,Joe Philbin,5,2012,2018,56,26,30,0,0.464,-4,0.0,0.0,0.0,0.0,,3.0,2,0.0,0.0,0.0
178,Hampton Pool,5,1946,1954,47,26,19,2,0.578,7,1.0,1.0,0.0,1.0,0.0,3.4,2,0.0,0.0,0.0
179,Dan Devine,4,1971,1974,56,25,27,4,0.481,-2,1.0,1.0,0.0,1.0,0.0,2.8,1,0.0,0.0,0.0
180,Jim Trimble,4,1952,1955,48,25,20,3,0.556,5,0.0,0.0,0.0,0.0,,2.5,2,0.0,0.0,0.0
181,Dennis Allen,5,2012,2023,70,24,46,0,0.343,-22,0.0,0.0,0.0,0.0,,3.2,2,,,
182,Joe Bugel,5,1990,1997,80,24,56,0,0.3,-32,0.0,0.0,0.0,0.0,,4.6,4,0.0,0.0,0.0
183,Butch Davis,4,2001,2004,59,24,35,0,0.407,-11,1.0,1.0,0.0,1.0,0.0,3.3,2,,,
184,Brian Flores,3,2019,2021,49,24,25,0,0.49,-1,,,,,,3.0,2,0.0,0.0,0.0
185,Ralph Jones,3,1930,1932,41,24,10,7,0.706,14,0.0,0.0,0.0,0.0,,2.3,1,1.0,0.0,0.0
186,Brandon Staley,3,2021,2023,48,24,24,0,0.5,0,1.0,1.0,0.0,1.0,0.0,3.0,2,,,
187,Red Strader,4,1948,1955,46,24,22,0,0.522,2,1.0,1.0,0.0,1.0,0.0,3.5,3,0.0,0.0,0.0
188,Hunk Anderson,4,1942,1945,36,23,11,2,0.676,12,2.0,2.0,1.0,1.0,0.5,2.0,1,1.0,0.0,0.0
189,Al Davis+,3,1963,1965,42,23,16,3,0.59,7,0.0,0.0,0.0,0.0,,2.3,2,0.0,0.0,0.0
190,Luke Johnsos,4,1942,1945,36,23,11,2,0.676,12,2.0,2.0,1.0,1.0,0.5,2.0,1,1.0,0.0,0.0
191,Gene Stallings,4,1986,1989,58,23,34,1,0.405,-11,0.0,0.0,0.0,0.0,,4.0,3,0.0,0.0,0.0
192,June Jones,4,1994,1998,58,22,36,0,0.379,-14,1.0,1.0,0.0,1.0,0.0,3.5,2,0.0,0.0,0.0
193,Mike Munchak+,3,2011,2013,48,22,26,0,0.458,-4,0.0,0.0,0.0,0.0,,2.3,2,,,
194,Gregg Williams,4,2001,2018,56,22,34,0,0.393,-12,0.0,0.0,0.0,0.0,,3.8,3,0.0,0.0,0.0
195,Joe Bach,4,1935,1953,48,21,27,0,0.438,-6,0.0,0.0,0.0,0.0,,3.3,2,0.0,0.0,0.0
196,Phil Bengtson,4,1968,1972,47,21,25,1,0.457,-4,0.0,0.0,0.0,0.0,,3.5,3,0.0,0.0,0.0
197,Ron Erhardt,4,1978,1981,49,21,28,0,0.429,-7,0.0,0.0,0.0,0.0,,2.5,1,0.0,0.0,0.0
198,Leslie Frazier,4,2010,2013,54,21,32,1,0.398,-11,1.0,1.0,0.0,1.0,0.0,3.5,2,,,
199,Bill McPeak,5,1961,1965,70,21,46,3,0.313,-25,0.0,0.0,0.0,0.0,,4.8,3,0.0,0.0,0.0
200,Raheem Morris,4,2009,2020,59,21,38,0,0.356,-17,0.0,0.0,0.0,0.0,,3.8,3,0.0,0.0,0.0
201,Arthur Smith,3,2021,2023,51,21,30,0,0.412,-9,,,,,,3.3,3,,,
202,Harland Svare,7,1962,1973,74,21,48,5,0.31,-27,0.0,0.0,0.0,0.0,,5.1,3,0.0,0.0,0.0
203,Jim Dooley,4,1968,1971,56,20,36,0,0.357,-16,0.0,0.0,0.0,0.0,,3.3,2,0.0,0.0,0.0
204,Gus Dorais,5,1943,1947,53,20,31,2,0.392,-11,0.0,0.0,0.0,0.0,,3.4,2,0.0,0.0,0.0
205,Mike McDaniel,2,2022,2023,34,20,14,0,0.588,6,2.0,2.0,0.0,2.0,0.0,2.0,2,,,
206,Josh McDaniels,4,2009,2023,53,20,33,0,0.377,-13,0.0,0.0,0.0,0.0,,2.8,2,0.0,0.0,0.0
207,John Michelosen,4,1948,1951,48,20,26,2,0.435,-6,0.0,0.0,0.0,0.0,,3.0,2,0.0,0.0,0.0
208,Kevin O'Connell,2,2022,2023,34,20,14,0,0.588,6,1.0,1.0,0.0,1.0,0.0,2.0,1,,,
209,Joe Stydahar+,5,1950,1954,49,20,28,1,0.417,-8,2.0,3.0,2.0,1.0,0.667,3.2,1,1.0,0.0,0.0
210,Frankie Albert,3,1956,1958,36,19,16,1,0.543,3,1.0,1.0,0.0,1.0,0.0,2.7,1,0.0,0.0,0.0
211,Red Dawson,4,1946,1949,48,19,25,4,0.432,-6,1.0,2.0,1.0,1.0,0.5,2.3,1,0.0,0.0,0.0
212,Vic Fangio,3,2019,2021,49,19,30,0,0.388,-11,,,,,,3.3,2,0.0,0.0,0.0
213,Todd Haley,3,2009,2011,45,19,26,0,0.422,-7,1.0,1.0,0.0,1.0,0.0,3.0,1,0.0,0.0,0.0
214,Dirk Koetter,3,2016,2018,48,19,29,0,0.396,-10,,,,,,3.3,2,0.0,0.0,0.0
215,David Shula,5,1992,1996,71,19,52,0,0.268,-33,0.0,0.0,0.0,0.0,,3.2,2,0.0,0.0,0.0
216,Pat Shurmur,5,2011,2019,65,19,46,0,0.292,-27,0.0,0.0,0.0,0.0,,3.4,2,0.0,0.0,0.0
217,Sammy Baugh+,3,1960,1964,42,18,24,0,0.429,-6,0.0,0.0,0.0,0.0,,3.0,2,0.0,0.0,0.0
218,Bill Callahan,3,2002,2019,43,18,25,0,0.419,-7,1.0,3.0,2.0,1.0,0.667,2.7,1,0.0,0.0,1.0
219,Bill Johnson,3,1976,1978,33,18,15,0,0.545,3,0.0,0.0,0.0,0.0,,2.7,2,0.0,0.0,0.0
220,Mike Nolan,4,2005,2008,55,18,37,0,0.327,-19,0.0,0.0,0.0,0.0,,3.0,2,,,
221,Darryl Rogers,4,1985,1988,58,18,40,0,0.31,-22,0.0,0.0,0.0,0.0,,4.0,3,0.0,0.0,0.0
222,Robert Saleh,3,2021,2023,51,18,33,0,0.353,-15,,,,,,3.7,3,,,
223,Mike Singletary+,3,2008,2010,40,18,22,0,0.45,-4,0.0,0.0,0.0,0.0,,2.3,2,0.0,0.0,0.0
224,Bill Austin,4,1966,1970,56,17,36,3,0.321,-19,0.0,0.0,0.0,0.0,,4.5,4,0.0,0.0,0.0
225,Lisle Blackbourn,4,1954,1957,48,17,31,0,0.354,-14,0.0,0.0,0.0,0.0,,4.8,3,0.0,0.0,0.0
226,Tom Cable,3,2008,2010,44,17,27,0,0.386,-10,0.0,0.0,0.0,0.0,,3.0,3,,,
227,Otto Graham+,3,1966,1968,42,17,22,3,0.436,-5,0.0,0.0,0.0,0.0,,3.7,3,0.0,0.0,0.0
228,Dave McGinnis,4,2000,2003,57,17,40,0,0.298,-23,0.0,0.0,0.0,0.0,,4.3,4,0.0,0.0,0.0
229,Al Saunders,3,1986,1988,39,17,22,0,0.436,-5,0.0,0.0,0.0,0.0,,4.0,3,0.0,0.0,0.0
230,Dewey Scanlon,4,1924,1929,36,17,15,4,0.531,2,0.0,0.0,0.0,0.0,,8.0,4,0.0,0.0,0.0
231,Norm Barry,2,1925,1926,26,16,8,2,0.667,8,0.0,0.0,0.0,0.0,,5.5,1,1.0,0.0,0.0
232,Milan Creighton,4,1935,1938,46,16,26,4,0.381,-10,0.0,0.0,0.0,0.0,,4.0,3,0.0,0.0,0.0
233,Gunther Cunningham,2,1999,2000,32,16,16,0,0.5,0,0.0,0.0,0.0,0.0,,2.5,2,0.0,0.0,0.0
234,Turk Edwards+,3,1946,1948,35,16,18,1,0.471,-2,0.0,0.0,0.0,0.0,,3.0,2,0.0,0.0,0.0
235,Elgie Tobin,2,1920,1921,23,16,3,4,0.842,13,0.0,0.0,0.0,0.0,,2.0,1,1.0,0.0,0.0
236,Dave Campo,3,2000,2002,48,15,33,0,0.313,-18,0.0,0.0,0.0,0.0,,4.3,4,0.0,0.0,0.0
237,Brian Daboll,2,2022,2023,34,15,18,1,0.456,-3,1.0,2.0,1.0,1.0,0.5,3.0,3,,,
238,Rick Forzano,3,1974,1976,32,15,17,0,0.469,-2,0.0,0.0,0.0,0.0,,2.3,2,0.0,0.0,0.0
239,Earl Potteiger,3,1924,1928,31,15,12,4,0.556,3,0.0,0.0,0.0,0.0,,7.7,1,1.0,0.0,0.0
240,Nick Saban,2,2005,2006,32,15,17,0,0.469,-2,0.0,0.0,0.0,0.0,,3.0,2,0.0,0.0,0.0
241,Adam Walsh,2,1945,1946,21,15,5,1,0.75,10,1.0,1.0,1.0,0.0,1.0,1.5,1,1.0,0.0,0.0
242,Ed Weir,2,1927,1928,26,15,7,4,0.682,8,0.0,0.0,0.0,0.0,,4.5,2,0.0,0.0,0.0
243,Mike White,2,1995,1996,32,15,17,0,0.469,-2,0.0,0.0,0.0,0.0,,4.5,4,,,
244,Punk Berryman,2,1924,1926,25,14,10,1,0.583,4,0.0,0.0,0.0,0.0,,8.5,3,0.0,0.0,0.0
245,Gus Bradley,4,2013,2016,62,14,48,0,0.226,-34,0.0,0.0,0.0,0.0,,3.3,3,0.0,0.0,0.0
246,Ray Handley,2,1991,1992,32,14,18,0,0.438,-4,0.0,0.0,0.0,0.0,,4.0,4,0.0,0.0,0.0
247,Bo McMillin,4,1948,1951,38,14,24,0,0.368,-10,0.0,0.0,0.0,0.0,,4.5,4,0.0,0.0,0.0
248,John McVay,3,1976,1978,37,14,23,0,0.378,-9,0.0,0.0,0.0,0.0,,5.0,5,,,
249,Ray Richards,3,1955,1957,36,14,21,1,0.4,-7,0.0,0.0,0.0,0.0,,4.0,2,0.0,0.0,0.0
250,Mike Riley,3,1999,2001,48,14,34,0,0.292,-20,0.0,0.0,0.0,0.0,,4.3,3,0.0,0.0,0.0
251,Gene Ronzani,4,1950,1953,46,14,31,1,0.311,-17,0.0,0.0,0.0,0.0,,5.0,4,0.0,0.0,0.0
252,Babe Ruetz,3,1922,1924,31,14,11,6,0.56,3,0.0,0.0,0.0,0.0,,7.7,6,0.0,0.0,0.0
253,Paul Schissler,4,1933,1936,46,14,29,3,0.326,-15,0.0,0.0,0.0,0.0,,3.8,2,0.0,0.0,0.0
254,Clark Shaughnessy,2,1948,1949,24,14,7,3,0.667,7,1.0,1.0,0.0,1.0,0.0,2.0,1,0.0,0.0,0.0
255,Jim Thorpe+,4,1920,1923,41,14,25,2,0.359,-11,0.0,0.0,0.0,0.0,,12.0,8,0.0,0.0,0.0
256,Bull Behman,3,1929,1931,40,13,20,7,0.394,-7,0.0,0.0,0.0,0.0,,7.0,3,0.0,0.0,0.0
257,Rich Brooks,2,1995,1996,32,13,19,0,0.406,-6,0.0,0.0,0.0,0.0,,3.0,3,,,
258,Joe Collier,3,1966,1968,30,13,16,1,0.448,-3,1.0,1.0,0.0,1.0,0.0,3.0,1,0.0,0.0,0.0
259,Cap Edwards,3,1921,1925,31,13,11,7,0.542,2,0.0,0.0,0.0,0.0,,7.0,4,0.0,0.0,0.0
260,Tom Fears+,4,1967,1970,49,13,34,2,0.277,-21,0.0,0.0,0.0,0.0,,3.5,3,0.0,0.0,0.0
261,Arnie Horween,2,1923,1924,22,13,8,1,0.619,5,0.0,0.0,0.0,0.0,,7.0,6,0.0,0.0,0.0
262,Ben McAdoo,2,2016,2017,28,13,15,0,0.464,-2,1.0,1.0,0.0,1.0,0.0,3.0,2,0.0,0.0,0.0
263,Matt Patricia,3,2018,2020,43,13,29,1,0.314,-16,,,,,,4.0,4,0.0,0.0,0.0
264,Jimmy Phelan,4,1948,1952,50,13,35,2,0.271,-22,0.0,0.0,0.0,0.0,,5.0,3,0.0,0.0,0.0
265,Marc Trestman,2,2013,2014,32,13,19,0,0.406,-6,0.0,0.0,0.0,0.0,,3.0,2,,,
266,Lud Wray,4,1932,1935,41,13,25,3,0.342,-12,0.0,0.0,0.0,0.0,,4.0,3,0.0,0.0,0.0
267,Jack Depler,3,1929,1931,38,12,21,5,0.364,-9,0.0,0.0,0.0,0.0,,7.0,4,0.0,0.0,0.0
268,Dick LeBeau+,3,2000,2002,45,12,33,0,0.267,-21,0.0,0.0,0.0,0.0,,5.0,4,0.0,0.0,0.0
269,Ernie Nevers+,4,1927,1939,41,12,27,2,0.308,-15,0.0,0.0,0.0,0.0,,6.8,4,0.0,0.0,0.0
270,Steve Spurrier,2,2002,2003,32,12,20,0,0.375,-8,0.0,0.0,0.0,0.0,,3.0,3,0.0,0.0,0.0
271,Rube Ursella,3,1920,1925,24,12,8,5,0.6,4,0.0,0.0,0.0,0.0,,8.3,4,0.0,0.0,0.0
272,Jim Zorn,2,2008,2009,32,12,20,0,0.375,-8,0.0,0.0,0.0,0.0,,4.0,4,0.0,0.0,0.0
273,Bud Carson,2,1989,1990,25,11,13,1,0.46,-2,1.0,2.0,1.0,1.0,0.5,2.5,1,,,
274,Lone Star Dietz,2,1933,1934,24,11,11,2,0.5,0,0.0,0.0,0.0,0.0,,2.5,2,0.0,0.0,0.0
275,Abe Gibron,3,1972,1974,42,11,30,1,0.274,-19,0.0,0.0,0.0,0.0,,4.0,4,0.0,0.0,0.0
276,Tommy Hudspeth,2,1976,1977,24,11,13,0,0.458,-2,0.0,0.0,0.0,0.0,,3.0,3,0.0,0.0,0.0
277,Hue Jackson,4,2011,2018,56,11,44,1,0.205,-33,0.0,0.0,0.0,0.0,,3.5,3,0.0,0.0,0.0
278,Vance Joseph,2,2017,2018,32,11,21,0,0.344,-10,,,,,,3.5,3,0.0,0.0,0.0
279,Frank Kush,3,1982,1984,40,11,28,1,0.288,-17,0.0,0.0,0.0,0.0,,4.3,4,0.0,0.0,0.0
280,Scott Linehan,3,2006,2008,36,11,25,0,0.306,-14,0.0,0.0,0.0,0.0,,3.3,2,,,
281,John North,3,1973,1975,34,11,23,0,0.324,-12,0.0,0.0,0.0,0.0,,3.7,3,0.0,0.0,0.0
282,Buster Ramsey,2,1960,1961,28,11,16,1,0.407,-5,0.0,0.0,0.0,0.0,,3.5,3,0.0,0.0,0.0
283,Matt Rhule,3,2020,2022,38,11,27,0,0.289,-16,,,,,,3.0,2,0.0,0.0,0.0
284,Lou Rymkus,2,1960,1961,19,11,7,1,0.611,4,1.0,1.0,1.0,0.0,1.0,1.0,1,1.0,0.0,0.0
285,Greg Schiano,2,2012,2013,32,11,21,0,0.344,-10,0.0,0.0,0.0,0.0,,4.0,4,,,
286,Steve Spagnuolo,4,2009,2017,52,11,41,0,0.212,-30,0.0,0.0,0.0,0.0,,3.5,2,0.0,0.0,0.0
287,Paul Wiggin,3,1975,1977,35,11,24,0,0.314,-13,0.0,0.0,0.0,0.0,,4.0,3,0.0,0.0,0.0
288,Bert Bell+,6,1936,1941,58,10,46,2,0.179,-36,0.0,0.0,0.0,0.0,,4.7,4,0.0,0.0,0.0
289,Matt Eberflus,2,2022,2023,34,10,24,0,0.294,-14,,,,,,3.5,3,,,
290,Guil Falcon,3,1920,1923,25,10,10,5,0.5,0,0.0,0.0,0.0,0.0,,8.3,4,0.0,0.0,0.0
291,Harry Gilmer,2,1965,1966,28,10,16,2,0.385,-6,0.0,0.0,0.0,0.0,,6.0,6,0.0,0.0,0.0
292,Cecil Isbell,4,1947,1951,34,10,23,1,0.303,-13,1.0,1.0,0.0,1.0,0.0,4.5,1,0.0,0.0,0.0
293,Joe Judge,2,2020,2021,33,10,23,0,0.303,-13,,,,,,3.0,2,0.0,0.0,0.0
294,Rod Marinelli,3,2006,2008,48,10,38,0,0.208,-28,0.0,0.0,0.0,0.0,,3.7,3,0.0,0.0,0.0
295,Mike Pettine,2,2014,2015,32,10,22,0,0.313,-12,0.0,0.0,0.0,0.0,,4.0,4,,,
296,DeMeco Ryans,1,2023,2023,17,10,7,0,0.588,3,1.0,2.0,1.0,1.0,0.5,1.0,1,,,
297,Kay Stephenson,3,1983,1985,36,10,26,0,0.278,-16,0.0,0.0,0.0,0.0,,4.3,3,0.0,0.0,0.0
298,Jack Faulkner,3,1962,1964,32,9,22,1,0.29,-13,0.0,0.0,0.0,0.0,,3.3,2,0.0,0.0,0.0
299,Al Groh,1,2000,2000,16,9,7,0,0.563,2,0.0,0.0,0.0,0.0,,3.0,3,,,
300,John Mazur,3,1970,1972,30,9,21,0,0.3,-12,0.0,0.0,0.0,0.0,,4.3,3,0.0,0.0,0.0
301,Cap McEwan,2,1933,1934,21,9,11,1,0.45,-2,0.0,0.0,0.0,0.0,,2.5,2,0.0,0.0,0.0
302,Shane Steichen,1,2023,2023,17,9,8,0,0.529,1,,,,,,2.0,2,,,
303,Nelson Talbot,2,1920,1921,18,9,6,3,0.6,3,0.0,0.0,0.0,0.0,,7.0,6,0.0,0.0,0.0
304,Joe Vitt,2,2005,2012,21,9,12,0,0.429,-3,0.0,0.0,0.0,0.0,,2.5,2,,,
305,Charlie Waller,2,1969,1970,19,9,7,3,0.563,2,0.0,0.0,0.0,0.0,,3.0,3,0.0,0.0,0.0
306,Bob Waterfield+,3,1960,1962,34,9,24,1,0.273,-15,0.0,0.0,0.0,0.0,,6.3,6,0.0,0.0,0.0
307,Bud Wilkinson,2,1978,1979,29,9,20,0,0.31,-11,0.0,0.0,0.0,0.0,,4.5,4,0.0,0.0,0.0
308,Steve Wilks,2,2018,2022,28,9,19,0,0.321,-10,,,,,,3.0,2,0.0,0.0,0.0
309,Doc Alexander,2,1922,1926,18,8,8,2,0.5,0,0.0,0.0,0.0,0.0,,10.5,6,0.0,0.0,0.0
310,Ed Biles,3,1981,1983,31,8,23,0,0.258,-15,0.0,0.0,0.0,0.0,,3.7,3,,,
311,Hugh Campbell,2,1984,1985,30,8,22,0,0.267,-14,0.0,0.0,0.0,0.0,,4.0,4,,,
312,Bob Folwell,1,1925,1925,12,8,4,0,0.667,4,0.0,0.0,0.0,0.0,,4.0,4,,,
313,Jack Forsyth,2,1920,1921,16,8,6,2,0.571,2,0.0,0.0,0.0,0.0,,8.5,7,0.0,0.0,0.0
314,Frank Gansz,2,1987,1988,31,8,22,1,0.274,-14,0.0,0.0,0.0,0.0,,5.0,5,0.0,0.0,0.0
315,Bob Hollway,2,1971,1972,28,8,18,2,0.315,-10,0.0,0.0,0.0,0.0,,4.0,4,0.0,0.0,0.0
316,Ed Khayat,2,1971,1972,25,8,15,2,0.354,-7,0.0,0.0,0.0,0.0,,4.0,3,0.0,0.0,0.0
317,Dick MacPherson,2,1991,1992,32,8,24,0,0.25,-16,0.0,0.0,0.0,0.0,,4.5,4,0.0,0.0,0.0
318,Fritz Pollard+,2,1921,1925,13,8,4,1,0.667,4,0.0,0.0,0.0,0.0,,8.5,3,0.0,0.0,0.0
319,Homer Rice,2,1978,1979,27,8,19,0,0.296,-11,0.0,0.0,0.0,0.0,,4.0,4,0.0,0.0,0.0
320,Carl Storck,5,1922,1926,38,8,26,4,0.235,-18,0.0,0.0,0.0,0.0,,13.6,7,0.0,0.0,0.0
321,Doug Wycoff,2,1929,1930,22,8,9,5,0.471,-1,0.0,0.0,0.0,0.0,,6.0,6,0.0,0.0,0.0
322,Bill Arnsparger,3,1974,1976,35,7,28,0,0.2,-21,0.0,0.0,0.0,0.0,,4.7,4,,,
323,Rich Bisaccia,1,2021,2021,12,7,5,0,0.583,2,1.0,1.0,0.0,1.0,0.0,2.0,2,,,
324,Hugh Devore,3,1953,1957,26,7,18,1,0.28,-11,0.0,0.0,0.0,0.0,,5.7,5,0.0,0.0,0.0
325,Frank Filchock,2,1960,1961,28,7,20,1,0.259,-13,0.0,0.0,0.0,0.0,,3.5,3,0.0,0.0,0.0
326,Herb Kopf,3,1944,1946,31,7,22,2,0.241,-15,0.0,0.0,0.0,0.0,,4.0,3,0.0,0.0,0.0
327,J.D. Roberts,3,1970,1972,35,7,25,3,0.227,-18,0.0,0.0,0.0,0.0,,4.0,4,0.0,0.0,0.0
328,Ralph Scott,1,1927,1927,16,7,8,1,0.467,-1,0.0,0.0,0.0,0.0,,6.0,6,0.0,0.0,0.0
329,Clipper Smith,2,1947,1948,24,7,16,1,0.304,-9,0.0,0.0,0.0,0.0,,4.0,3,0.0,0.0,0.0
330,Jerry Williams,3,1969,1971,31,7,22,2,0.241,-15,0.0,0.0,0.0,0.0,,4.0,3,0.0,0.0,0.0
331,Dutch Bergman,1,1943,1943,10,6,3,1,0.667,3,1.0,2.0,1.0,1.0,0.5,1.0,1,0.0,0.0,0.0
332,Johnny Blood+,3,1937,1939,25,6,19,0,0.24,-13,0.0,0.0,0.0,0.0,,4.0,3,0.0,0.0,0.0
333,Eddie Erdelatz,2,1960,1961,16,6,10,0,0.375,-4,0.0,0.0,0.0,0.0,,3.5,3,0.0,0.0,0.0
334,Kevin Gilbride,2,1997,1998,22,6,16,0,0.273,-10,0.0,0.0,0.0,0.0,,5.0,5,0.0,0.0,0.0
335,Archie Golembeski,1,1925,1925,12,6,5,1,0.545,1,0.0,0.0,0.0,0.0,,10.0,10,0.0,0.0,0.0
336,Gus Henderson,1,1939,1939,11,6,5,0,0.545,1,0.0,0.0,0.0,0.0,,3.0,3,0.0,0.0,0.0
337,Tut Imlay,1,1926,1926,10,6,3,1,0.667,3,0.0,0.0,0.0,0.0,,6.0,6,0.0,0.0,0.0
338,Freddie Kitchens,1,2019,2019,16,6,10,0,0.375,-4,,,,,,3.0,3,0.0,0.0,0.0
339,Brick Muller,1,1926,1926,10,6,3,1,0.667,3,0.0,0.0,0.0,0.0,,6.0,6,0.0,0.0,0.0
340,Mike Nixon,3,1959,1965,38,6,30,2,0.167,-24,0.0,0.0,0.0,0.0,,6.0,5,0.0,0.0,0.0
341,Bob Snyder,1,1947,1947,12,6,6,0,0.5,0,0.0,0.0,0.0,0.0,,4.0,4,0.0,0.0,0.0
342,Mac Speedie+,3,1964,1966,26,6,19,1,0.24,-13,0.0,0.0,0.0,0.0,,4.0,4,0.0,0.0,0.0
343,Jim Tomsula,2,2010,2015,17,6,11,0,0.353,-5,0.0,0.0,0.0,0.0,,3.5,3,,,
344,John Armstrong,1,1924,1924,9,5,2,2,0.714,3,0.0,0.0,0.0,0.0,,5.0,5,0.0,0.0,0.0
345,Clem Crowe,2,1949,1950,18,5,12,1,0.294,-7,1.0,1.0,0.0,1.0,0.0,5.5,4,0.0,0.0,0.0
346,Rod Dowhower,2,1985,1986,29,5,24,0,0.172,-19,0.0,0.0,0.0,0.0,,4.5,4,0.0,0.0,0.0
347,Hal Erickson,1,1924,1924,13,5,8,0,0.385,-3,0.0,0.0,0.0,0.0,,12.0,12,0.0,0.0,0.0
348,Benny Friedman+,2,1930,1932,14,5,9,0,0.357,-4,0.0,0.0,0.0,0.0,,4.0,2,0.0,0.0,0.0
349,Hal Griffen,1,1930,1930,14,5,6,3,0.455,-1,0.0,0.0,0.0,0.0,,7.0,7,0.0,0.0,0.0
350,Lane Kiffin,2,2007,2008,20,5,15,0,0.25,-10,0.0,0.0,0.0,0.0,,3.5,3,,,
351,Jim Laird,1,1926,1926,13,5,7,1,0.417,-2,0.0,0.0,0.0,0.0,,11.0,11,0.0,0.0,0.0
352,Ken Meyer,1,1977,1977,14,5,9,0,0.357,-4,0.0,0.0,0.0,0.0,,3.0,3,0.0,0.0,0.0
353,Marty Mornhinweg,2,2001,2002,32,5,27,0,0.156,-22,0.0,0.0,0.0,0.0,,4.5,4,0.0,0.0,0.0
354,Chris Palmer,2,1999,2000,32,5,27,0,0.156,-22,0.0,0.0,0.0,0.0,,6.0,6,,,
355,Antonio Pierce,1,2023,2023,9,5,4,0,0.556,1,,,,,,2.0,2,,,
356,Harry Robb,2,1925,1926,18,5,13,0,0.278,-8,0.0,0.0,0.0,0.0,,15.5,11,0.0,0.0,0.0
357,Clive Rush,2,1969,1970,21,5,16,0,0.238,-11,0.0,0.0,0.0,0.0,,4.0,3,0.0,0.0,0.0
358,Dick Todd,1,1951,1951,9,5,4,0,0.556,1,0.0,0.0,0.0,0.0,,3.0,3,0.0,0.0,0.0
359,Bulldog Turner+,1,1962,1962,14,5,9,0,0.357,-4,0.0,0.0,0.0,0.0,,4.0,4,0.0,0.0,0.0
360,Herman Ball,3,1949,1951,20,4,16,0,0.2,-12,0.0,0.0,0.0,0.0,,4.3,3,0.0,0.0,0.0
361,Cliff Battles+,2,1946,1947,21,4,16,1,0.2,-12,0.0,0.0,0.0,0.0,,2.5,2,0.0,0.0,0.0
362,Scotty Bierce,1,1925,1925,8,4,2,2,0.667,2,0.0,0.0,0.0,0.0,,4.0,4,0.0,0.0,0.0
363,Hank Bullough,3,1978,1986,22,4,18,0,0.182,-14,0.0,0.0,0.0,0.0,,3.3,1,0.0,0.0,0.0
364,Rob Chudzinski,1,2013,2013,16,4,12,0,0.25,-8,0.0,0.0,0.0,0.0,,4.0,4,,,
365,David Culley,1,2021,2021,17,4,13,0,0.235,-9,,,,,,3.0,3,,,
366,Russ Daugherty,1,1927,1927,10,4,4,2,0.5,0,0.0,0.0,0.0,0.0,,7.0,7,0.0,0.0,0.0
367,Aldo Donelli,2,1941,1944,15,4,11,0,0.267,-7,0.0,0.0,0.0,0.0,,4.5,4,0.0,0.0,0.0
368,Bill Edwards,2,1941,1942,14,4,9,1,0.308,-5,0.0,0.0,0.0,0.0,,4.0,3,0.0,0.0,0.0
369,Jonathan Gannon,1,2023,2023,17,4,13,0,0.235,-9,,,,,,4.0,4,,,
370,Nathaniel Hackett,1,2022,2022,15,4,11,0,0.267,-7,,,,,,4.0,4,,,
371,Phil Handler,5,1943,1951,38,4,34,0,0.105,-30,0.0,0.0,0.0,0.0,,4.6,3,0.0,0.0,0.0
372,Norb Hecker,3,1966,1968,31,4,26,1,0.133,-22,0.0,0.0,0.0,0.0,,5.0,4,0.0,0.0,0.0
373,Ed Hughes,1,1971,1971,14,4,9,1,0.308,-5,0.0,0.0,0.0,0.0,,3.0,3,0.0,0.0,0.0
374,Jim Kendrick,2,1923,1926,13,4,7,2,0.364,-3,0.0,0.0,0.0,0.0,,14.0,9,0.0,0.0,0.0
375,Art Lewis,1,1938,1938,8,4,4,0,0.5,0,0.0,0.0,0.0,0.0,,4.0,4,0.0,0.0,0.0
376,Gary Moeller,1,2000,2000,7,4,3,0,0.571,1,0.0,0.0,0.0,0.0,,4.0,4,,,
377,Richie Petitbon,1,1993,1993,16,4,12,0,0.25,-8,0.0,0.0,0.0,0.0,,5.0,5,0.0,0.0,0.0
378,Ed Robinson,1,1931,1931,11,4,4,3,0.5,0,0.0,0.0,0.0,0.0,,6.0,6,0.0,0.0,0.0
379,Charley Rogers,1,1927,1927,10,4,4,2,0.5,0,0.0,0.0,0.0,0.0,,7.0,7,0.0,0.0,0.0
380,John Sandusky,1,1972,1972,9,4,5,0,0.444,-1,0.0,0.0,0.0,0.0,,3.0,3,0.0,0.0,0.0
381,Howard Schnellenberger,2,1973,1974,17,4,13,0,0.235,-9,0.0,0.0,0.0,0.0,,5.0,5,0.0,0.0,0.0
382,Joey Sternaman,1,1923,1923,7,4,3,0,0.571,1,0.0,0.0,0.0,0.0,,7.0,7,0.0,0.0,0.0
383,Hugh Taylor,1,1965,1965,14,4,10,0,0.286,-6,0.0,0.0,0.0,0.0,,4.0,4,0.0,0.0,0.0
384,Red Weaver,2,1924,1925,17,4,13,0,0.235,-9,0.0,0.0,0.0,0.0,,13.0,10,0.0,0.0,0.0
385,Richard Williamson,2,1990,1991,19,4,15,0,0.211,-11,0.0,0.0,0.0,0.0,,3.5,2,,,
386,Swede Youngstrom,1,1927,1927,10,4,4,2,0.5,0,0.0,0.0,0.0,0.0,,7.0,7,0.0,0.0,0.0
387,Jim Bates,1,2004,2004,7,3,4,0,0.429,-1,0.0,0.0,0.0,0.0,,4.0,4,,,
388,Wayne Brenkert,2,1923,1924,10,3,7,0,0.3,-4,0.0,0.0,0.0,0.0,,14.5,13,0.0,0.0,0.0
389,Untz Brewer,1,1922,1922,10,3,5,2,0.375,-2,0.0,0.0,0.0,0.0,,10.0,10,0.0,0.0,0.0
390,Marty Brill,1,1931,1931,7,3,3,1,0.5,0,0.0,0.0,0.0,0.0,,7.0,7,0.0,0.0,0.0
391,Forrest Douds,1,1933,1933,11,3,6,2,0.333,-3,0.0,0.0,0.0,0.0,,5.0,5,0.0,0.0,0.0
392,Frank Fausch,2,1921,1922,8,3,5,0,0.375,-2,0.0,0.0,0.0,0.0,,10.5,6,0.0,0.0,0.0
393,Perry Fewell,2,2009,2019,11,3,8,0,0.273,-5,0.0,0.0,0.0,0.0,,4.0,4,0.0,0.0,0.0
394,Mike Getto,1,1942,1942,11,3,8,0,0.273,-5,0.0,0.0,0.0,0.0,,4.0,4,0.0,0.0,0.0
395,George Gibson,1,1930,1930,14,3,10,1,0.231,-7,0.0,0.0,0.0,0.0,,9.5,9,0.0,0.0,0.0
396,Pete Henry+,2,1926,1928,23,3,17,3,0.15,-14,0.0,0.0,0.0,0.0,,14.0,8,0.0,0.0,0.0
397,Wally Hess,3,1922,1924,18,3,12,3,0.2,-9,0.0,0.0,0.0,0.0,,13.3,10,0.0,0.0,0.0
398,Lou Holtz,1,1976,1976,13,3,10,0,0.231,-7,0.0,0.0,0.0,0.0,,4.0,4,0.0,0.0,0.0
399,Jack Keogh,1,1926,1926,10,3,7,0,0.3,-4,0.0,0.0,0.0,0.0,,13.0,13,0.0,0.0,0.0
400,Billy Marshall,2,1920,1921,15,3,8,4,0.273,-5,0.0,0.0,0.0,0.0,,12.5,9,0.0,0.0,0.0
401,Keith Molesworth,1,1953,1953,12,3,9,0,0.25,-6,0.0,0.0,0.0,0.0,,5.0,5,0.0,0.0,0.0
402,Ted Nesser,2,1920,1921,19,3,14,2,0.176,-11,0.0,0.0,0.0,0.0,,15.0,13,0.0,0.0,0.0
403,Mike Palm,1,1933,1933,7,3,3,1,0.5,0,0.0,0.0,0.0,0.0,,4.0,4,0.0,0.0,0.0
404,Pat Peppler,1,1976,1976,9,3,6,0,0.333,-3,0.0,0.0,0.0,0.0,,3.0,3,0.0,0.0,0.0
405,Bobby Petrino,1,2007,2007,13,3,10,0,0.231,-7,0.0,0.0,0.0,0.0,,4.0,4,0.0,0.0,0.0
406,Jim Ringo+,2,1976,1977,23,3,20,0,0.13,-17,0.0,0.0,0.0,0.0,,4.5,4,0.0,0.0,0.0
407,Les Steckel,1,1984,1984,16,3,13,0,0.188,-10,0.0,0.0,0.0,0.0,,5.0,5,,,
408,Pete Stinchcomb,1,1923,1923,7,3,3,1,0.5,0,0.0,0.0,0.0,0.0,,8.0,8,0.0,0.0,0.0
409,John Whelchel,1,1949,1949,7,3,3,1,0.5,0,0.0,0.0,0.0,0.0,,4.0,4,0.0,0.0,0.0
410,Darrell Bevell,2,2020,2021,9,2,7,0,0.222,-5,,,,,,4.0,4,0.0,0.0,0.0
411,Pat Boland,1,1946,1946,6,2,3,1,0.4,-1,0.0,0.0,0.0,0.0,,4.0,4,0.0,0.0,0.0
412,Johnny Bryan,2,1925,1926,15,2,13,0,0.133,-11,0.0,0.0,0.0,0.0,,15.5,15,0.0,0.0,0.0
413,Eddie Casey,1,1935,1935,11,2,8,1,0.2,-6,0.0,0.0,0.0,0.0,,4.0,4,0.0,0.0,0.0
414,Pete Cawthon,2,1943,1944,15,2,13,0,0.133,-11,0.0,0.0,0.0,0.0,,5.0,5,0.0,0.0,0.0
415,Jack Chevigny,1,1932,1932,10,2,6,2,0.25,-4,0.0,0.0,0.0,0.0,,6.0,6,0.0,0.0,0.0
416,Al Cornsweet,1,1931,1931,10,2,8,0,0.2,-6,0.0,0.0,0.0,0.0,,8.0,8,0.0,0.0,0.0
417,Luby DiMeolo,1,1934,1934,12,2,10,0,0.167,-8,0.0,0.0,0.0,0.0,,5.0,5,0.0,0.0,0.0
418,Bob Dove,1,1946,1946,5,2,2,1,0.5,0,0.0,0.0,0.0,0.0,,4.0,4,0.0,0.0,0.0
419,Chuck Drulis,1,1961,1961,2,2,0,0,1.0,2,0.0,0.0,0.0,0.0,,4.0,4,0.0,0.0,0.0
420,Marty Feldman,2,1961,1962,17,2,15,0,0.118,-13,0.0,0.0,0.0,0.0,,4.0,4,0.0,0.0,0.0
421,Budge Garrett,1,1922,1922,6,2,1,3,0.667,1,0.0,0.0,0.0,0.0,,11.0,11,0.0,0.0,0.0
422,Hank Gillo,1,1920,1920,7,2,5,0,0.286,-3,0.0,0.0,0.0,0.0,,11.0,11,0.0,0.0,0.0
423,Hal Hanson,1,1932,1932,12,2,7,3,0.222,-5,0.0,0.0,0.0,0.0,,8.0,8,0.0,0.0,0.0
424,Mel Hein+,1,1947,1947,3,2,1,0,0.667,1,0.0,0.0,0.0,0.0,,3.0,3,0.0,0.0,0.0
425,Harvey Johnson,2,1968,1971,26,2,23,1,0.08,-21,0.0,0.0,0.0,0.0,,5.0,5,0.0,0.0,0.0
426,Aaron Kromer,1,2012,2012,6,2,4,0,0.333,-2,0.0,0.0,0.0,0.0,,3.0,3,,,
427,Jim Leonard,1,1945,1945,10,2,8,0,0.2,-6,0.0,0.0,0.0,0.0,,5.0,5,0.0,0.0,0.0
428,Ned Mathews,1,1946,1946,5,2,2,1,0.5,0,0.0,0.0,0.0,0.0,,4.0,4,0.0,0.0,0.0
429,Harry Mehre,1,1923,1923,9,2,5,2,0.286,-3,0.0,0.0,0.0,0.0,,13.0,13,0.0,0.0,0.0
430,Urban Meyer,1,2021,2021,13,2,11,0,0.154,-9,,,,,,4.0,4,,,
431,Wayne Millner+,1,1951,1951,10,2,8,0,0.2,-6,0.0,0.0,0.0,0.0,,5.0,5,0.0,0.0,0.0
432,Charley Moran,1,1927,1927,8,2,5,1,0.286,-3,0.0,0.0,0.0,0.0,,7.0,7,0.0,0.0,0.0
433,Al Pierotti,1,1920,1920,5,2,2,1,0.5,0,0.0,0.0,0.0,0.0,,10.0,10,0.0,0.0,0.0
434,Ray Prochaska,1,1961,1961,2,2,0,0,1.0,2,0.0,0.0,0.0,0.0,,4.0,4,0.0,0.0,0.0
435,Terry Robiskie,2,2000,2004,8,2,6,0,0.25,-4,0.0,0.0,0.0,0.0,,3.5,3,,,
436,Ted Shipkey,1,1947,1947,3,2,1,0,0.667,1,0.0,0.0,0.0,0.0,,3.0,3,0.0,0.0,0.0
437,Herb Sies,1,1923,1923,8,2,3,3,0.4,-1,0.0,0.0,0.0,0.0,,12.0,12,0.0,0.0,0.0
438,Jerry Smith,1,1971,1971,5,2,3,0,0.4,-1,0.0,0.0,0.0,0.0,,4.0,4,0.0,0.0,0.0
439,Chuck Studley,1,1983,1983,10,2,8,0,0.2,-6,0.0,0.0,0.0,0.0,,4.0,4,,,
440,Gus Tebell,1,1923,1923,3,2,1,0,0.667,1,0.0,0.0,0.0,0.0,,8.0,8,0.0,0.0,0.0
441,Joe Thomas,1,1974,1974,11,2,9,0,0.182,-7,0.0,0.0,0.0,0.0,,5.0,5,0.0,0.0,0.0
442,Mel Tucker,1,2011,2011,5,2,3,0,0.4,-1,0.0,0.0,0.0,0.0,,3.0,3,,,
443,Rick Venturi,2,1991,1996,19,2,17,0,0.105,-15,0.0,0.0,0.0,0.0,,5.0,5,0.0,0.0,0.0
444,Carl Voyles,1,1948,1948,14,2,12,0,0.143,-10,0.0,0.0,0.0,0.0,,4.0,4,0.0,0.0,0.0
445,Willie Wilkin,1,1946,1946,5,2,2,1,0.5,0,0.0,0.0,0.0,0.0,,4.0,4,0.0,0.0,0.0
446,Ray Willsey,1,1961,1961,2,2,0,0,1.0,2,0.0,0.0,0.0,0.0,,4.0,4,0.0,0.0,0.0
447,Larry Wilson+,1,1979,1979,3,2,1,0,0.667,1,0.0,0.0,0.0,0.0,,5.0,5,,,
448,Hoge Workman,1,1931,1931,10,2,8,0,0.2,-6,0.0,0.0,0.0,0.0,,8.0,8,0.0,0.0,0.0
449,Shorty Barr,1,1926,1926,3,1,2,0,0.333,-1,0.0,0.0,0.0,0.0,,16.0,16,0.0,0.0,0.0
450,Tom Bettis,1,1977,1977,7,1,6,0,0.143,-5,0.0,0.0,0.0,0.0,,5.0,5,0.0,0.0,0.0
451,Hugo Bezdek,2,1937,1938,14,1,13,0,0.071,-12,0.0,0.0,0.0,0.0,,4.5,4,0.0,0.0,0.0
452,Fred Bruney,1,1985,1985,1,1,0,0,1.0,1,0.0,0.0,0.0,0.0,,4.0,4,0.0,0.0,0.0
453,Cam Cameron,1,2007,2007,16,1,15,0,0.063,-14,0.0,0.0,0.0,0.0,,4.0,4,0.0,0.0,0.0
454,Bill Conkright,1,1962,1962,9,1,8,0,0.111,-7,0.0,0.0,0.0,0.0,,4.0,4,0.0,0.0,0.0
455,Mel Doherty,1,1921,1921,4,1,3,0,0.25,-2,0.0,0.0,0.0,0.0,,13.0,13,0.0,0.0,0.0
456,Walt Driskill,1,1949,1949,8,1,7,0,0.125,-6,0.0,0.0,0.0,0.0,,7.0,7,0.0,0.0,0.0
457,Charley Ewart,1,1949,1949,12,1,10,1,0.091,-9,0.0,0.0,0.0,0.0,,5.0,5,0.0,0.0,0.0
458,Jack Fish,1,1930,1930,9,1,7,1,0.125,-6,0.0,0.0,0.0,0.0,,11.0,11,0.0,0.0,0.0
459,Fred Gillies,1,1928,1928,6,1,5,0,0.167,-4,0.0,0.0,0.0,0.0,,9.0,9,0.0,0.0,0.0
460,Hinkey Haines,1,1931,1931,4,1,3,0,0.25,-2,0.0,0.0,0.0,0.0,,7.0,7,0.0,0.0,0.0
461,Dick Hanley,1,1946,1946,3,1,1,1,0.5,0,0.0,0.0,0.0,0.0,,4.0,4,0.0,0.0,0.0
462,Ernie Hefferle,1,1975,1975,8,1,7,0,0.125,-6,0.0,0.0,0.0,0.0,,4.0,4,0.0,0.0,0.0
463,Jack Hegarty,1,1921,1921,3,1,2,0,0.333,-1,0.0,0.0,0.0,0.0,,12.0,12,0.0,0.0,0.0
464,Jack Heldt,1,1926,1926,7,1,6,0,0.143,-5,0.0,0.0,0.0,0.0,,19.0,19,0.0,0.0,0.0
465,Max Hicks,1,1921,1921,5,1,3,1,0.25,-2,0.0,0.0,0.0,0.0,,13.0,13,0.0,0.0,0.0
466,Herb Joesting,1,1929,1929,10,1,9,0,0.1,-8,0.0,0.0,0.0,0.0,,11.0,11,0.0,0.0,0.0
467,Al Jolley,2,1929,1933,12,1,10,1,0.091,-9,0.0,0.0,0.0,0.0,,7.0,4,0.0,0.0,0.0
468,Walt Koppisch,1,1925,1925,9,1,6,2,0.143,-5,0.0,0.0,0.0,0.0,,15.0,15,0.0,0.0,0.0
469,Ollie Kraehe,1,1923,1923,7,1,4,2,0.2,-3,0.0,0.0,0.0,0.0,,14.0,14,0.0,0.0,0.0
470,Lou Mahrt,1,1927,1927,8,1,6,1,0.143,-5,0.0,0.0,0.0,0.0,,10.0,10,0.0,0.0,0.0
471,Pete McCulley,1,1978,1978,9,1,8,0,0.111,-7,0.0,0.0,0.0,0.0,,4.0,4,0.0,0.0,0.0
472,Ed McKeever,1,1948,1948,14,1,13,0,0.071,-12,0.0,0.0,0.0,0.0,,4.0,4,0.0,0.0,0.0
473,Ray McLean,2,1953,1958,14,1,12,1,0.077,-11,0.0,0.0,0.0,0.0,,6.0,6,0.0,0.0,0.0
474,Jack Meagher,1,1946,1946,6,1,5,0,0.167,-4,0.0,0.0,0.0,0.0,,4.0,4,0.0,0.0,0.0
475,Frank Nied,1,1926,1926,6,1,3,2,0.25,-2,0.0,0.0,0.0,0.0,,16.0,16,0.0,0.0,0.0
476,Fred O'Connor,1,1978,1978,7,1,6,0,0.143,-5,0.0,0.0,0.0,0.0,,4.0,4,0.0,0.0,0.0
477,Bill Peterson,2,1972,1973,19,1,18,0,0.053,-17,0.0,0.0,0.0,0.0,,4.0,4,0.0,0.0,0.0
478,Jerry Rosburg,1,2022,2022,2,1,1,0,0.5,0,,,,,,4.0,4,,,
479,Rod Rust,1,1990,1990,16,1,15,0,0.063,-14,0.0,0.0,0.0,0.0,,5.0,5,0.0,0.0,0.0
480,Andy Salata,1,1930,1930,9,1,7,1,0.125,-6,0.0,0.0,0.0,0.0,,11.0,11,0.0,0.0,0.0
481,Jeff Saturday,1,2022,2022,8,1,7,0,0.125,-6,,,,,,3.0,3,0.0,0.0,0.0
482,Tom Scott,1,1946,1946,1,1,0,0,1.0,1,0.0,0.0,0.0,0.0,,2.0,2,0.0,0.0,0.0
483,Ken Shipp,1,1975,1975,5,1,4,0,0.2,-3,0.0,0.0,0.0,0.0,,4.0,4,0.0,0.0,0.0
484,Jim Shofner,1,1990,1990,7,1,6,0,0.143,-5,0.0,0.0,0.0,0.0,,4.0,4,,,
485,Dick Stanfel+,1,1980,1980,4,1,3,0,0.25,-2,0.0,0.0,0.0,0.0,,4.0,4,0.0,0.0,0.0
486,Mal Stevens,1,1946,1946,7,1,4,1,0.2,-3,0.0,0.0,0.0,0.0,,2.0,2,0.0,0.0,0.0
487,Eric Studesville,1,2010,2010,4,1,3,0,0.25,-2,0.0,0.0,0.0,0.0,,4.0,4,,,
488,Chris Tabor,1,2023,2023,6,1,5,0,0.167,-4,,,,,,4.0,4,,,
489,Emmitt Thomas+,1,2007,2007,3,1,2,0,0.333,-1,0.0,0.0,0.0,0.0,,4.0,4,0.0,0.0,0.0
490,Russell Tollefson,1,1922,1922,4,1,3,0,0.25,-2,0.0,0.0,0.0,0.0,,13.0,13,0.0,0.0,0.0
491,Ron Waller,1,1973,1973,6,1,5,0,0.167,-4,0.0,0.0,0.0,0.0,,4.0,4,0.0,0.0,0.0
492,Chile Walsh,1,1934,1934,3,1,2,0,0.333,-1,0.0,0.0,0.0,0.0,,5.0,5,0.0,0.0,0.0
493,Hubert Wiggs,1,1922,1922,4,1,3,0,0.25,-2,0.0,0.0,0.0,0.0,,13.0,13,0.0,0.0,0.0
494,Doc Young,2,1925,1926,8,1,7,0,0.125,-6,0.0,0.0,0.0,0.0,,17.5,14,0.0,0.0,0.0
495,Fay Abbott,2,1928,1929,13,0,13,0,0.0,-13,0.0,0.0,0.0,0.0,,11.0,10,0.0,0.0,0.0
496,Dim Batterson,1,1927,1927,5,0,5,0,0.0,-5,0.0,0.0,0.0,0.0,,12.0,12,0.0,0.0,0.0
497,Joe Brandy,1,1924,1924,6,0,6,0,0.0,-6,0.0,0.0,0.0,0.0,,16.0,16,0.0,0.0,0.0
498,Charlie Brickley,1,1921,1921,2,0,2,0,0.0,-2,0.0,0.0,0.0,0.0,,18.0,18,0.0,0.0,0.0
499,Frank Bridges,1,1944,1944,5,0,5,0,0.0,-5,0.0,0.0,0.0,0.0,,5.0,5,0.0,0.0,0.0
500,Coonie Checkaye,1,1921,1921,2,0,2,0,0.0,-2,0.0,0.0,0.0,0.0,,18.0,18,0.0,0.0,0.0
501,Algy Clark,1,1934,1934,8,0,8,0,0.0,-8,0.0,0.0,0.0,0.0,,6.0,6,0.0,0.0,0.0
502,Stan Cofall,1,1920,1920,3,0,2,1,0.0,-2,0.0,0.0,0.0,0.0,,10.0,10,0.0,0.0,0.0
503,Frank Coughlin,1,1921,1921,2,0,1,1,0.0,-1,0.0,0.0,0.0,0.0,,5.0,5,0.0,0.0,0.0
504,Jim Crowley,1,1947,1947,10,0,10,0,0.0,-10,0.0,0.0,0.0,0.0,,4.0,4,0.0,0.0,0.0
505,Herb Dell,1,1922,1922,8,0,8,0,0.0,-8,0.0,0.0,0.0,0.0,,15.0,15,0.0,0.0,0.0
506,John Fassel,1,2016,2016,3,0,3,0,0.0,-3,,,,,,3.0,3,0.0,0.0,0.0
507,Tex Grigg,1,1925,1925,7,0,6,1,0.0,-6,0.0,0.0,0.0,0.0,,16.0,16,0.0,0.0,0.0
508,Bo Hanley,1,1924,1924,5,0,4,1,0.0,-4,0.0,0.0,0.0,0.0,,16.0,16,0.0,0.0,0.0
509,Dutch Hendrian,1,1923,1923,5,0,5,0,0.0,-5,0.0,0.0,0.0,0.0,,16.0,16,0.0,0.0,0.0
510,Austin Higgins,1,1921,1921,2,0,2,0,0.0,-2,0.0,0.0,0.0,0.0,,18.0,18,0.0,0.0,0.0
511,Ken Huffine,1,1920,1920,1,0,1,0,0.0,-1,0.0,0.0,0.0,0.0,,14.0,14,0.0,0.0,0.0
512,Hal Hunter,1,1984,1984,1,0,1,0,0.0,-1,0.0,0.0,0.0,0.0,,4.0,4,0.0,0.0,0.0
513,Bull Karcis,1,1942,1942,8,0,8,0,0.0,-8,0.0,0.0,0.0,0.0,,5.0,5,0.0,0.0,0.0
514,Ed Kubale,1,1944,1944,5,0,5,0,0.0,-5,0.0,0.0,0.0,0.0,,5.0,5,0.0,0.0,0.0
515,Hank Kuhlmann,1,1989,1989,5,0,5,0,0.0,-5,0.0,0.0,0.0,0.0,,4.0,4,0.0,0.0,0.0
516,Leo Lyons,2,1923,1924,7,0,7,0,0.0,-7,0.0,0.0,0.0,0.0,,17.5,16,0.0,0.0,0.0
517,Alfred McGall,1,1930,1930,3,0,3,0,0.0,-3,0.0,0.0,0.0,0.0,,11.0,11,0.0,0.0,0.0
518,Wally McIlwain,1,1926,1926,2,0,2,0,0.0,-2,0.0,0.0,0.0,0.0,,16.0,16,0.0,0.0,0.0
519,Dick Modzelewski,1,1977,1977,1,0,1,0,0.0,-1,0.0,0.0,0.0,0.0,,4.0,4,,,
520,Johnny Murphy,1,1924,1924,4,0,4,0,0.0,-4,0.0,0.0,0.0,0.0,,16.0,16,0.0,0.0,0.0
521,Al Nesser,1,1926,1926,2,0,1,1,0.0,-1,0.0,0.0,0.0,0.0,,16.0,16,0.0,0.0,0.0
522,Tam Rose,1,1921,1921,1,0,1,0,0.0,-1,0.0,0.0,0.0,0.0,,18.0,18,0.0,0.0,0.0
523,Lenny Sachs,1,1926,1926,4,0,4,0,0.0,-4,0.0,0.0,0.0,0.0,,21.0,21,0.0,0.0,0.0
524,Giff Smith,1,2023,2023,3,0,3,0,0.0,-3,,,,,,4.0,4,,,
